#Name	Founder	Focus	Founded	Sites	Writeup
actiontv.in	John Lopez	Fix the problems that plague us	2018	share	An independant no-nonsense News channel dedicated to <b>building a better society</b> and putting an end to information power-plays
ankuram-mandir.org	Saakshi Sharma	Temple for Children	2018	learn	To facilitate children towards <b>living a life of connectedness</b> and PURE JOY. To create a completely sustainable environment.
buildindiagroup.org	Biraja Mahapatra	Cultivate Good Citizenry	2008	share	A platform for spreading values and attitudes that <b>foster oneness, acceptance, harmony</b> and progressive thinking
childincorp.in	Jayashree Ashok	Holistic Learning, SLD		learn	A centre for educating parents of children with Learning Difficulties and <b>taking SLD techniques mainstream</b>
gdmvindia.com	Muneer Ahamed	Films on Social Causes	2016	learn	A Media house dedicated to helping organizations "tell their story" and creating <b>stories on social causes</b>
goodcountry.org	Simon Anholt	One World	2013	share	An idea that needs to spread like wildfire - that will, as we <b>coalesce into one world</b> (think Dapple)
healingforhaiti.org	TImothy Snyder, APN	Health and Healing	2011	heal	An American Charitable Organization trying to support healing by starting a <b>clinic in a village</b> Jonc Dodin
iandeye.in	Kiram Pamidimarry	Sharing Vision			An NGO that has adopted a few government hostels <b>for the blind</b> in Hydedrabad, South India
jobsfordyslexics.org	Laura Cianci	Turning Dyslexics "mainstream"	2013?	learn	An American Organization that educates companies on the many benefits of employing dyslexics and the <b>importance of inclusion</b>.
ladyandalalumni.org	Batch of 2001	A YieldMore community	2018	*	An alumni thats trying to synergize its members and inspire them to <b>spread love and healing</b> to the four corners of the world
overmanfoundation.org	Anurag Banerjee	Integra Yoga (all life is Yoga)	2011	learn	Online Institute dedicated to furthering the <b>legacy of Sri Aurobindo</b> and his spiritual collaborator Mirra Alfassa
samatabooks.in	Velury Sadanand	Books on Spirituality	1970s	learn	The Personal Bookshop for all things inspiring from the Complete works of Adi Shankaracharya to Tantra/Aghora
satyamyogatrust.net	Sn. Krishna Yogam	Purify Meditate Realize	1980s	heal	A Yoga centre thats inspires its students to give back to society, sharing our wisdom of old
seamovement.org	Radhakrishnan	Harmony with Nature	2010	heal	A movement currently supporting farmers that seeks to make us all environmentally aware and less impactful on nature
shareindia.org	Christine Badsha	Social Work / Education		share	Society for the Health, Awareness and Relief for Everyone
spanda.org	Sahlan L Momo	Catalyse Systemmic Change	2008	*	An International Civil Society Organization (ICSO) in the Hague to catalyse long-term systemmic change.
thecompassteam.in	Manoj Krishnan	Child Development		learn	A specially developed program that does a comprehensive study of each student and works on behavioural and other issues
yieldmore.org	Imran N	Quality of Life	2013	*	Founder and Chief Curator, <a href="/imran-doc" target="_blank">Imran</a> believes we can make the world a better place (for you and for me and the entire human race) if we begin to genuinely take interest in the lives of the people around us by giving the best of our learnings, time and ideas. Any person or organization that can be inspired to help themselves and their fellow beings live happier is dear to us.