#Career	Category	Description	Specializations
Computer Sc	Engg		Embedded
Mechanical	Engg		
Chemical	Engg		
Civil	Engg		
Electrical	Engg		
Electronics	Engg		Embedded, Telecommunication, Computers
Physician	Medicine		
Surgeon	Medicine		
Pharmacist	Medicine		
Vetinerary	Medicine		
Micro Biology	Medicine		
Nursing	Medicine		
Scientist			Physics, Astronomy
Information Technology	Field		Business Analyst, Testing (Quality Assurance), Project Management, Sales
Commerce	Bachelors Degree		
Hotel Management / Catering			
Banking			
Chartered Accountant			