#Name	Url	Founder	Focus	Founded	Sites	Writeup
Action Party for Peoples Progress	actionparty.in	John Lopez	Fix the problems that plague us	2018	share	An independant no-nonsense News channel dedicated to <b>building a better society</b> and putting an end to information power-plays
Ammai Appar Agam	yieldmore.org/3a	Anbarasu J			share, spirit, dir	
#Ankuram Mandir	ankuram-mandir.org	Saakshi Sharma	Temple for Children	2018	learn, dir	To facilitate children towards <b>living a life of connectedness</b> and PURE JOY. To create a completely sustainable environment.
Auroville	auroville.org	Mirra Alfassa / Sri Aurobindo		1968	heal, eco, spirit, major	Towards a <a href="/auroville">Future Unity and Evolution</a>
Brainsync	brainsync.com	Kelly Howell	Healing through the mind	1987	heal, major	
Build India Group	buildindiagroup.org	Biraja Mahapatra	Cultivate Good Citizenry	2008	share, eco, dir	A platform for spreading values and attitudes that <b>foster oneness, acceptance, harmony</b> and progressive thinking
Captain Planet Foundation	captainplanetfoundation.org	Ted Turner / Barbara Pyle	Planeteers Love Nature / Earth		eco, major	
Centre for Holistic Integrated Learning and Development	childincorp.in	Jayashree Ashok	Holistic Learning, SLD		learn, dir	A centre for educating parents of children with Learning Difficulties and <b>taking SLD techniques mainstream</b>
Global Digital Media Village	gdmvindia.com	Muneer Ahamed	Films on Social Causes	2016	learn, dir	A Media house dedicated to helping organizations "tell their story" and creating <b>stories on social causes</b>
Good Country	goodcountry.org	Simon Anholt	One World	2013	share, dir	<a href="/gc">An idea</a> that needs to spread like wildfire - that will, as we <b>coalesce into one world</b> (think Dapple)
Harmony Movement	https://www.qsl.net/vu2sdu/harmony.html	Prince Of Arcot	Communal Harmony in Action	1603	harmony, dir	
#Healing For Haiti	healingforhaiti.org	TImothy Snyder, APN	Health and Healing	2011	heal, dir	An American Charitable Organization trying to support healing by starting a <b>clinic in a village</b> Jonc Dodin
I & Eye	iandeye.in	Kiran Pamidimarry	Sharing Vision		share, dir	An NGO that has adopted a few government hostels <b>for the blind</b> in Hydedrabad, South India
Institute Of Noetic Sciences	noetic.org	Edgar Mitchell	Consciousness and Interconnectedness	1973	learn, major	See also, their <a href="http://noeticprograms.org/">noetic programs</a> like <a href="/mm-doc">Mindful Motherhood</a>
Jobs For Dyslexics	jobsfordyslexics.org	Laura Cianci	Turning Dyslexics "mainstream"	2013?	learn, dir	An American Organization that educates companies on the many benefits of employing dyslexics and the <b>importance of inclusion</b>.
#Lady Andal Alumni	ladyandalalumni.org	Batch of 2001	A YieldMore community	2018	share, dir	An alumni thats trying to synergize its members and inspire them to <b>spread love and healing</b> to the four corners of the world
LIFE Explained	lifeexplained.com	Hans Wilhelm	Spiritual Awakenings	2008	spirit, major	
Overman Foundation	overmanfoundation.org	Anurag Banerjee	Integral Yoga (all life is Yoga)	2011	spirit, learn	Online research institute dedicated to furthering the legacy of Sri Aurobindo and the Mother.
Positive Wings	positivewings.com	Dr Naznin		1967	heal, dir	
Redford Center	redfordcenter.org/about-us	Robert & Jamie Redford	Catalyse Environmental Action	2005	eco, major	
Root Trust	roottrust.org	Shirly Charles	Improve the standard of life for children and women	2005	learn, share, dir	
Samata Books	samatabooks.in	Velury Sadanand	Books on Spirituality	1970s	learn, dir	The Personal Bookshop for all things inspiring from the Complete works of Adi Shankaracharya to Tantra/Aghora
Satyam Yoga Trust	satyamyogatrust.net	Sn. Krishna Yogam	Purify Meditate Realize	1980s	heal, eco, dir	A Yoga centre thats inspires its students to give back to society, sharing our wisdom from the Vedic tradition that offers our best learnings from a Golden Age
Sea Movement	seamovement.org	Radhakrishnan	Harmony with Nature	2010	eco, dir	A movement currently supporting farmers that seeks to make us all environmentally aware and less impactful on nature
Society for Health Awareness and Relief for Everyone	shareindia.org	Christine Badsha	Social Work / Education		share, dir	Society for the Health, Awareness and Relief for Everyone
Spanda Foundation	spanda.org	Sahlan L Momo	Catalyse Systemmic Change	2008	*, eco, dir	An International Civil Society Organization (ICSO) in the Hague to catalyse long-term systemmic change.
The Compass Team	thecompassteam.in	Manoj Krishnan	Child Development		learn, dir	A specially developed program that does a comprehensive study of each student and works on behavioural and other issues
Universal Life Church	ulc.org	Kirby J. Hensley	Religious Harmony	1959	heal, major	
World Without Hate	worldwithouthate.org	Rais Bhuiyan	Harmony and Educating Youth	2011	harmony, heal, major	
YieldMore.org	yieldmore.org	Imran N	Quality of Life	2013	*, dir	Founder and Chief Curator, <a href="/imran-doc" target="_blank">Imran</a> believes we can make the world a better place (for you and for me and the entire human race) if we begin to genuinely take interest in the lives of the people around us by giving the best of our learnings, time and ideas. Any person or organization that can be inspired to help themselves and their fellow beings live happier is dear to us.